"membership_id","member_id"
14,"M-0001"
15,"M-0002"
16,"M-0003"
17,"M-0004"
18,"M-0005"
19,"M-0006"
20,"M-0007"
21,"M-0008"
22,"M-0009"
23,"M-0010"
24,"M-0011"
25,"M-0012"
26,"M-0013"
27,"M-0014"
28,"M-0016"
29,"M-0017"
30,"M-0018"
31,"M-0019"
32,"M-0020"
33,"M-0021"
34,"M-0022"
35,"M-0023"
36,"M-0024"
37,"M-0025"
38,"M-0026"
39,"M-0027"
40,"M-0028"
41,"M-0029"
42,"M-0030"
43,"M-0031"
44,"M-0032"
45,"M-0033"
46,"M-0034"
47,"M-0035"
48,"M-0036"
49,"M-0037"
50,"M-0038"
51,"M-0039"
52,"M-0040"
53,"M-0041"
54,"M-0042"
55,"M-0043"
56,"M-0044"
57,"M-0045"
58,"M-0046"
59,"M-0047"
60,"M-0048"
61,"M-0049"
62,"M-0050"
63,"M-0051"
64,"M-0052"
65,"M-0053"
66,"M-0054"
67,"M-0055"
68,"M-0056"
69,"M-0058"
70,"M-0059"
71,"M-0060"
72,"M-0061"
73,"M-0062"
74,"M-0063"
75,"M-0064"
76,"M-0065"
77,"M-0067"
78,"M-0068"
79,"M-0069"
80,"M-0070"
81,"M-0071"
82,"M-0072"
83,"M-0073"
84,"M-0074"
85,"M-0075"
86,"M-0076"
87,"M-0077"
88,"M-0078"
89,"M-0079"
90,"M-0080"
91,"M-0081"
92,"M-0082"
93,"M-0083"
94,"M-0084"
95,"M-0085"
96,"M-0086"
97,"M-0087"
98,"M-0088"
99,"M-0089"
100,"M-0090"
101,"M-0091"
102,"M-0092"
103,"M-0093"
104,"M-0094"
105,"M-0095"
106,"M-0096"
107,"M-0097"
108,"M-0098"
109,"M-0099"
110,"M-0100"
111,"M-0101"
112,"M-0102"
113,"M-0103"
114,"M-0104"
115,"M-0105"
116,"M-0106"
117,"M-0107"
118,"M-0108"
119,"M-0109"
120,"M-0110"
121,"M-0111"
122,"M-0112"
123,"M-0113"
124,"M-0114"
125,"M-0115"
126,"M-0116"
127,"M-0117"
128,"M-0118"
129,"M-0119"
130,"M-0120"
131,"M-0121"
132,"M-0122"
133,"M-0123"
134,"M-0124"
135,"M-0125"
136,"M-0126"
137,"M-0127"
138,"M-0128"
139,"M-0129"
140,"M-0130"
141,"M-0131"
142,"M-0132"
143,"M-0133"
144,"M-0134"
145,"M-0135"
146,"M-0136"
147,"M-0137"
148,"M-0138"
149,"M-0139"
150,"M-0140"
151,"M-0141"
152,"M-0142"
153,"M-0143"
154,"M-0144"
155,"M-0145"
156,"M-0146"
157,"M-0147"
158,"M-0148"
159,"M-0149"
160,"M-0150"
161,"M-0151"
162,"M-0152"
163,"M-0153"
164,"M-0154"
165,"M-0155"
166,"M-0156"
167,"M-0157"
168,"M-0158"
169,"M-0159"
170,"M-0160"
171,"M-0161"
172,"M-0162"
173,"M-0163"
174,"M-0164"
175,"M-0165"
176,"M-0166"
177,"M-0167"
178,"M-0168"
179,"M-0169"
180,"M-0170"
181,"M-0171"
182,"M-0172"
183,"M-0173"
184,"M-0174"
185,"M-0175"
186,"M-0176"
187,"M-0177"
188,"M-0178"
189,"M-0179"
190,"M-0180"
191,"M-0181"
192,"M-0182"
193,"M-0183"
194,"M-0184"
195,"M-0185"
196,"M-0187"
197,"M-0188"
198,"M-0189"
199,"M-0190"
200,"M-0191"
424,"M-0192"
202,"M-0193"
203,"M-0194"
204,"M-0195"
205,"M-0196"
206,"M-0197"
207,"M-0198"
208,"M-0199"
209,"M-0200"
210,"M-0201"
211,"M-0202"
212,"M-0203"
213,"M-0204"
214,"M-0205"
215,"M-0206"
216,"M-0207"
217,"M-0208"
218,"M-0209"
219,"M-0210"
220,"M-0211"
417,"M-0212"
221,"M-0213"
428,"M-0214"
223,"M-0215"
224,"M-0216"
225,"M-0217"
226,"M-0218"
227,"M-0219"
228,"M-0220"
229,"M-0221"
230,"M-0222"
231,"M-0223"
232,"M-0224"
233,"M-0225"
234,"M-0226"
235,"M-0227"
236,"M-0228"
237,"M-0229"
238,"M-0230"
239,"M-0231"
240,"M-0232"
241,"M-0233"
242,"M-0234"
243,"M-0235"
244,"M-0236"
245,"M-0237"
246,"M-0238"
247,"M-0239"
248,"M-0240"
249,"M-0241"
250,"M-0242"
251,"M-0243"
252,"M-0244"
253,"M-0245"
254,"M-0246"
255,"M-0247"
256,"M-0248"
257,"M-0249"
258,"M-0250"
259,"M-0251"
260,"M-0252"
431,"M-0253"
261,"M-0254"
430,"M-0255"
263,"M-0256"
264,"M-0257"
265,"M-0258"
266,"M-0259"
267,"M-0260"
268,"M-0261"
269,"M-0262"
270,"M-0263"
271,"M-0264"
272,"M-0265"
273,"M-0266"
274,"M-0267"
275,"M-0268"
276,"M-0269"
277,"M-0270"
278,"M-0271"
279,"M-0272"
280,"M-0273"
281,"M-0274"
282,"M-0275"
283,"M-0276"
284,"M-0277"
285,"M-0278"
286,"M-0279"
287,"M-0280"
288,"M-0281"
289,"M-0282"
290,"M-0283"
291,"M-0284"
292,"M-0285"
293,"M-0286"
294,"M-0287"
295,"M-0288"
296,"M-0289"
297,"M-0290"
298,"M-0291"
299,"M-0292"
300,"M-0293"
301,"M-0294"
302,"M-0295"
303,"M-0296"
304,"M-0297"
305,"M-0298"
306,"M-0299"
307,"M-0300"
308,"M-0301"
309,"M-0302"
310,"M-0303"
311,"M-0304"
312,"M-0305"
313,"M-0306"
314,"M-0307"
315,"M-0308"
316,"M-0309"
443,"M-0310"
318,"M-0311"
319,"M-0312"
320,"M-0313"
321,"M-0314"
322,"M-0315"
323,"M-0316"
324,"M-0317"
325,"M-0318"
326,"M-0319"
327,"M-0320"
328,"M-0321"
329,"M-0322"
330,"M-0323"
331,"M-0324"
332,"M-0325"
333,"M-0326"
334,"M-0327"
335,"M-0328"
336,"M-0329"
337,"M-0330"
338,"M-0331"
339,"M-0332"
340,"M-0333"
341,"M-0334"
342,"M-0335"
343,"M-0336"
344,"M-0337"
345,"M-0338"
346,"M-0339"
347,"M-0340"
348,"M-0341"
349,"M-0342"
350,"M-0343"
351,"M-0344"
352,"M-0345"
353,"M-0346"
354,"M-0347"
355,"M-0350"
356,"M-0351"
357,"M-0353"
358,"M-0354"
359,"M-0355"
360,"M-0356"
361,"M-0357"
362,"M-0358"
363,"M-0359"
364,"M-0362"
365,"M-0363"
366,"M-0364"
367,"M-0365"
426,"M-0366"
369,"M-0367"
370,"M-0368"
371,"M-0369"
372,"M-0370"
373,"M-0371"
374,"M-0372"
375,"M-0373"
376,"M-0374"
377,"M-0375"
378,"M-0376"
379,"M-0377"
380,"M-0378"
381,"M-0379"
382,"M-0380"
383,"M-0381"
384,"M-0382"
385,"M-0383"
386,"M-0384"
387,"M-0385"
388,"M-0386"
389,"M-0387"
390,"M-0388"
391,"M-0389"
392,"M-0391"
393,"M-0392"
394,"M-0393"
395,"M-0394"
396,"M-0395"
397,"M-0397"
398,"M-0398"
399,"M-0399"
400,"M-0400"
401,"M-0401"
402,"M-0402"
403,"M-0403"
404,"M-0404"
405,"M-0405"
406,"M-0406"
407,"M-0407"
408,"M-0408"
409,"M-0409"
410,"M-0410"
411,"M-0411"
412,"M-0412"
413,"M-0413"
414,"M-0414"
415,"M-0415"
416,"M-0416"
419,"M-0417"
433,"M-0419"
432,"M-0420"
444,"M-0421"
446,"M-0422"
436,"M-0423"
429,"M-0424"
452,"M-0425"
449,"M-0426"
448,"M-0427"
450,"M-0428"
451,"M-0429"
435,"M-0430"
